SpeciesName,ScientificName,Count,Date,Observer,Location
Beach Thick-knee,Esacus magnirostris,2,23 May 2024,Ram Vikas,"Andaman and Nicobar Islands, IN (11.595, 92.545) Tarmugli Island South Andaman Andaman and Nicobar Islands"
European Roller,Coracias garrulus,4,23 May 2024,Mehreen Khaleel,"NingleGull (34.285, 74.51) Baramulla Jammu and Kashmir"
Painted Bush-Quail,Perdicula erythrorhyncha,14,23 May 2024,Fayis T,"Wildvibes Ooty The Nilgiris Tamil Nadu"
Indian Yellow Tit,Machlolophus aplonotus,10,23 May 2024,Dr Sudhir Jain,"Dumna Nature Reserve Park Jabalpur Madhya Pradesh"
Chestnut-bellied Nuthatch,Sitta cinnamoventris,12,23 May 2024,Tanmay Kadle,"Pangot Nainital Uttarakhand"
Eurasian Woodcock,Scolopax rusticola,2,22 May 2024,Ramnarayan Kalyanaraman,"Askot Wildlife Sanctuary (OBI) Pithoragarh Uttarakhand"
Aberrant Bush Warbler,Horornis flavolivaceus,6,22 May 2024,Ramnarayan Kalyanaraman,"Askot Wildlife Sanctuary (OBI) Pithoragarh Uttarakhand"
Gray-crested Tit,Lophophanes dichrous,15,22 May 2024,Ramnarayan Kalyanaraman,"Askot Wildlife Sanctuary (OBI) Pithoragarh Uttarakhand"
Gray-sided Bush Warbler,Cettia brunnifrons,5,22 May 2024,Ramnarayan Kalyanaraman,"Askot Wildlife Sanctuary (OBI) Pithoragarh Uttarakhand"
Spot-bellied Eagle-Owl,Ketupa nipalensis,2,22 May 2024,Gopi Raji,"Kottachedu, Yercaud கொட்டச்சேடு, ஏற்காடு Salem Tamil Nadu"
Pied Wheatear,Oenanthe pleschanka,4,22 May 2024,Rajesh Panwar,"Nako village Kinnaur Himachal Pradesh"
Himalayan Owl,Strix nivicolum,2,21 May 2024,Micah Rai,"Eaglenest WLS & Surroundings--Chaku West Kameng Arunachal Pradesh"
Brown Wood-Owl,Strix leptogrammica,4,21 May 2024,Tanmay Kadle,"Pangot Nainital Uttarakhand"
Himalayan Shortwing,Brachypteryx cruralis,4,21 May 2024,Dipankar Subba,"Singalila NP--Lamey Dhura Darjeeling West Bengal"
Cinnamon Bittern,Ixobrychus cinnamomeus,7,21 May 2024,JENNY JOHNY SOLOMAN SAMUEL,"Timbi, Gujarat, IN (22.311, 73.278) Vadodara Gujarat"
Common Cuckoo,Cuculus canorus,10,21 May 2024,Waseem Bhat,"chadoora-pampora Road, Magrapora (33.962, 74.86) Budgam Jammu and Kashmir"
Blanford's Rosefinch,Agraphospiza rubescens,2,21 May 2024,Peter Lobo,"Sela Pass Road West Kameng Arunachal Pradesh"
Rufous-necked Laughingthrush,Pterorhinus ruficollis,20,21 May 2024,Manash Pratim,"Lakhipathar--Tingrai Reserve Forest Tinsukia Assam"
Chinese Rubythroat,Calliope tschebaiewi,4,20 May 2024,Sonam Otzer,"Tso Moriri--North End Leh Ladakh"
White-bellied Redstart,Luscinia phaenicuroides,3,20 May 2024,Rajesh Panwar,"Chitkul, Himachal Pradesh Kinnaur Himachal Pradesh"
Lesser Gray Shrike,Lanius minor,1,19 May 2024,Padma Gyalpo,"Shey-Holy Fish Pond. Leh Ladakh"
Blue-breasted Quail,Synoicus chinensis,5,19 May 2024,Leons Mathew Abraham,"Amchang WLS Kamrup Metropolitan Assam"
Tickell's Thrush,Turdus unicolor,20,19 May 2024,Timothy Gotsick,"Sattal Studio Bird Watching Point, Nainital, Uttarakhand"
Purple Heron,Ardea purpurea,102,19 May 2024,Cheran Jagadeesan,"Samuthiram Lake, Thanjavur, Tamil Nadu"
Tawny Owl,Strix aluco,2,19 May 2024,Ansar Ahmad Bhat,"Dharamsala Singhan, Budgam, Jammu and Kashmir"
Jungle Bush-Quail,Perdicula asiatica,20,19 May 2024,Naveen Singh,"Bagdarah Nature Park, Udaipur, Rajasthan"
Small Buttonquail,Turnix sylvaticus,1,19 May 2024,Bhushitendu B,"Barkhera, Jaipur, Rajasthan"
Lesser Cuckoo,Cuculus poliocephalus,6,19 May 2024,Harish Thangaraj,"Mishmi Hills--65 km, Lower Dibang Valley, Arunachal Pradesh"
Gould's Shortwing,Heteroxenicus stellatus,1,19 May 2024,Harish Thangaraj,"Mishmi Hills--65 km, Lower Dibang Valley, Arunachal Pradesh"
Common Swift,Apus apus,12,18 May 2024,Vivek Saggar,"Chinab River Bed, Udaipur, Lahaul Spiti, Lahaul and Spiti, Himachal Pradesh"
Large Hawk-Cuckoo,Hierococcyx sparverioides,10,18 May 2024,Mridul Anand,"Binsar Wildlife Sanctuary, Almora, Uttarakhand"
Pygmy Cupwing,Pnoepyga pusilla,4,18 May 2024,Rejaul Karim,"Mishmi Hills--65 km, Lower Dibang Valley, Arunachal Pradesh"
Hill Blue Flycatcher,Cyornis whitei,4,18 May 2024,Rejaul Karim,"Mishmi Hills--Tiwari Gaon, Lower Dibang Valley, Arunachal Pradesh"
Indian Spotted Creeper,Salpornis spilonota,4,17 May 2024,ANAND PRASAD,"Tal Chhapar Sanctuary, Churu, Rajasthan"
Indian Paradise-Flycatcher,Terpsiphone paradisi,20,17 May 2024,Rajesh Kannampally,"Chandrapur, Maharashtra, Chandrapur, Maharashtra"
White-cheeked Partridge,Arborophila atrogularis,6,17 May 2024,Rofikul Islam,"Dehing Patkai NP--Soraipung, Tinsukia, Assam"
Blyth's Tragopan,Tragopan blythii,3,17 May 2024,phurpa tsering,"Eaglenest WLS & Surroundings--Below Bompu Camp, West Kameng, Arunachal Pradesh"
Hill Swallow,Hirundo domicola,22,17 May 2024,Anand Ayyagari,"Puthumandhu, Tamil Nadu, The Nilgiris, Tamil Nadu"
Carrion Crow,Corvus corone,5,16 May 2024,Padma Gyalpo,"Shungri Chowk, Chuchot Gongma, Leh, Ladakh"
Jungle Owlet,Glaucidium radiatum,10,16 May 2024,Dinesh Chaudhary,"Hirdepur, Madhya Pradesh, Dindori, Madhya Pradesh"
Large Blue Flycatcher,Cyornis magnirostris,4,16 May 2024,Harish Thangaraj,"Udayak Pass, Lohit, Arunachal Pradesh"
Pale Blue Flycatcher,Cyornis unicolor,4,15 May 2024,Shuchismita Das,"Changey Falls KP, Kalimpong, West Bengal"
Forest Owlet,Athene blewitti,5,15 May 2024,Yogesh Shid,"pendhari, Thane, Maharashtra"
Lesser Shortwing,Brachypteryx leucophris,6,15 May 2024,Padmanav Baruah,"Eaglenest WLS & Surroundings--Bompu Camp, West Kameng, Arunachal Pradesh"
Russet Bush Warbler,Locustella mandelli,4,14 May 2024,Ramya Nair,"Thanamir Village, Kiphire, Nagaland"
Tiger Shrike,Lanius tigrinus,1,14 May 2024,Tisha Mukherjee,"Kargil Beach, South 24 Parganas, West Bengal"
Painted Francolin,Francolinus pictus,10,14 May 2024,Dinesh Chaudhary,"Dupta, Madhya Pradesh, Mandla, Madhya Pradesh"
Immaculate Cupwing,Pnoepyga immaculata,3,14 May 2024,Vivek Rawat,"Munsyari - Ginni Bend, Uttarakhand, Pithoragarh, Uttarakhand"
Buff-breasted Babbler,Pellorneum tickelli,4,14 May 2024,Rofikul Islam,"Namdapha NP & Surroundings--Miao-Vijaynagar Road, Changlang, Arunachal Pradesh"
Jungle Nightjar,Caprimulgus indicus,8,13 May 2024,Ashok Agarwal,"Sirkada Safari Tadoba, Chandrapur, Maharashtra"
Black-headed Cuckooshrike,Lalage melanoptera,10,13 May 2024,Dr. Sagar Adhurya,"Garh Jungle, Paschim Bardhaman, West Bengal"
Black Francolin,Francolinus francolinus,13,13 May 2024,H Kaur,"Rajaji NP--Mohand range, Haridwar, Uttarakhand"
Hill Prinia,Prinia superciliaris,5,13 May 2024,Rofikul Islam,"Namdapha NP & Surroundings--22 Mile, Changlang, Arunachal Pradesh"
Scaly Thrush,Zoothera dauma,4,12 May 2024,Pooran Joshi,"Pangoot, Uttarakhand, Nainital, Uttarakhand"
Blyth's Kingfisher,Alcedo hercules,2,12 May 2024,Prasanna Kalita,"Eaglenest WLS & Surroundings--Below Bompu Camp, West Kameng, Arunachal Pradesh"
Rusty-tailed Flycatcher,Ficedula ruficauda,4,12 May 2024,Deepa Bajaj,"Kalpa Village, Kinnaur, Himachal Pradesh"
Red-wattled Lapwing,Vanellus indicus,200,12 May 2024,Indra Gadhvi,"Unnamed Road, Bhavnagar, Gujarat, Bhavnagar, Gujarat"
Ashy Prinia,Prinia socialis,50,12 May 2024,Taraka Venkata Pavan Maddali,"Narasapur Lake, Medak, Telangana"
Alpine Swift,Tachymarptis melba,264,12 May 2024,Naveen Kumar S,"IOB Colony, Maruthamalai Foothills, Coimbatore, Tamil Nadu"
Ultramarine Flycatcher,Ficedula superciliaris,15,12 May 2024,Krishna Murthy,"Binsar Forest Retreat, Almora, Uttarakhand"
Dark-rumped Swift,Apus acuticauda,15,12 May 2024,Angel Bennet,"Mawphlang Sacred Grove, East Khasi Hills, Meghalaya"
Yellow-throated Laughingthrush,Pterorhinus galbanus,1,12 May 2024,Brajesh Khoyumthem,"Wangoo Cheirao Ching, Kakching, Manipur"
Eurasian Nutcracker,Nucifraga caryocatactes,14,12 May 2024,Kamal Ingti,"Mandala, West Kameng, Arunachal Pradesh"
Sri Lanka Frogmouth,Batrachostomus moniliger,15,11 May 2024,Mohammed Hirash,"Kozhikode Forest Division--Janakikkad, Kozhikode, Kerala"
Northern Wheatear,Oenanthe oenanthe,1,11 May 2024,Ansar Ahmad Bhat,"Zabarwan mountains, Srinagar, Jammu and Kashmir"
Long-tailed Shrike,Lanius schach,20,11 May 2024,ROUF SHEIKH,"Chatlam Wetland Reserve, Pulwama, Jammu and Kashmir"
Little Bittern,Ixobrychus minutus,2,11 May 2024,Reyan sofi,"Hokersar Wetland, Budgam, Jammu and Kashmir"
Large-billed Leaf Warbler,Phylloscopus magnirostris,8,11 May 2024,Suebsawat Sawat-chuto,"Mandala, West Kameng, Arunachal Pradesh"
Goldcrest,Regulus regulus,20,11 May 2024,Mohammad Ishaq Lone,"Arshan, Anantnag, Jammu and Kashmir"
Himalayan Rubythroat,Calliope pectoralis,7,11 May 2024,Mohammad Ishaq Lone,"Arshan, Anantnag, Jammu and Kashmir"
Pink-browed Rosefinch,Carpodacus rodochroa,30,11 May 2024,Mohammad Ishaq Lone,"Arshan, Anantnag, Jammu and Kashmir"
Mountain Chiffchaff,Phylloscopus sindianus,36,11 May 2024,Padma Gyalpo,"Chuchot Road, Chuchot Shama, Leh, Ladakh"
Indian Pitta,Pitta brachyura,12,11 May 2024,Rahul Chakraborty,"Bishnupur, Bankura, West Bengal"
Besra,Accipiter virgatus,2,11 May 2024,Dambar kumar Pradhan,"Bamphu Thanks Golai Ewls, West Kameng, Arunachal Pradesh"
Slaty-breasted Rail,Lewinia striata,5,11 May 2024,Shajan Shaki,"Katatipalayam Backside, Erode, Tamil Nadu"
Fire-tailed Sunbird,Aethopyga ignicauda,20,11 May 2024,Chris Campion,"Sela Pass, West Kameng, Arunachal Pradesh"
Gray-headed Parakeet,Psittacula finschii,6,10 May 2024,Yimkong Angba,"Changtongya - Longleng Road, Longleng, Nagaland"
Nepal House-Martin,Delichon nipalense,150,10 May 2024,Mainul Ahsan,"Paporkheti, Kalimpong, West Bengal"
Blue-capped Rock-Thrush,Monticola cinclorhyncha,6,10 May 2024,Rajesh Panwar,"Dotiyal Nail Deghat Road, Jorasi Range, Almora, Uttarakhand"
Blue Rock-Thrush,Monticola solitarius,5,10 May 2024,Ranjani Chandran,"Baj khet trail, Almora, Uttarakhand"
White-browed Piculet,Sasia ochracea,4,10 May 2024,Utsav Biswas,"Eaglenest WLS & Surroundings--Bompu Camp, West Kameng, Arunachal Pradesh"
Nilgiri Wood-Pigeon,Columba elphinstonii,30,10 May 2024,Adv Basavaraj Hosagoudar,"Dajipur Wildlife sanctuary, Kolhapur, Maharashtra"
Green-crowned Warbler,Phylloscopus burkii,6,10 May 2024,Chris Campion,"Eaglenest WLS & Surroundings--Eaglenest Pass, West Kameng, Arunachal Pradesh"
Ferruginous Flycatcher,Muscicapa ferruginea,4,10 May 2024,Prasanna Kalita,"Singchung Bugun Village Community Reserve (SBVCR), West Kameng, Arunachal Pradesh"
Black Redstart,Phoenicurus ochruros,42,9 May 2024,Choldan Gasha,"Spituk, Leh, Ladakh"
Rufous-bellied Eagle,Lophotriorchis kienerii,2,9 May 2024,Nahum Bishwa,"Unnamed Road, Shannan, West Kameng, Arunachal Pradesh"
Indian Scops-Owl,Otus bakkamoena,6,9 May 2024,Irshad Theba,"Indroda Nature Park, Gandhinagar, Gujarat"
Roseate Tern,Sterna dougallii,25,9 May 2024,Ram Vikas,"Boat Island, South Andaman, South Andaman and Nicobar Islands"
Rufous-gorgeted Flycatcher,Ficedula strophiata,11,9 May 2024,Roozbeh Gazdar,"Jangda Rd, Tawang Numla, Tawang, Arunachal Pradesh"
Andaman Serpent-Eagle,Spilornis elgini,5,9 May 2024,Mani MK,"Andaman Trunk Road, Mayabunder, North and Middle Andaman and Nicobar Islands"
Indian Cuckoo,Cuculus micropterus,7,9 May 2024,AVINASH SHARMA,"Khursapur Gate, Pench TR, Nagpur, Maharashtra"
Wood Snipe,Gallinago nemoricola,1,9 May 2024,Sandeep Ramz,"Ganek View Point, East Sikkim, Sikkim"
Ornate Sunbird,Cinnyris ornatus,18,8 May 2024,Janardan Saikia,"Perka, Andaman and Nicobar Islands, Nicobar"
Common Woodshrike,Tephrodornis pondicerianus,28,8 May 2024,Hrishikesh Karandikar,"Shuri FR, Khandwa-Betul road, Khandwa, Madhya Pradesh"
Red-headed Trogon,Harpactes erythrocephalus,5,8 May 2024,Ayuwat Jearwattanakanok,"Eaglenest WLS & Surroundings--Below Bompu Camp, West Kameng, Arunachal Pradesh"
Spotted Elachura,Elachura formosa,3,8 May 2024,Ayuwat Jearwattanakanok,"Eaglenest WLS & Surroundings--Below Bompu Camp, West Kameng, Arunachal Pradesh"
White-gorgeted Flycatcher,Anthipes monileger,4,8 May 2024,Ayuwat Jearwattanakanok,"Eaglenest WLS & Surroundings--Below Bompu Camp, West Kameng, Arunachal Pradesh"
Plain Mountain Finch,Leucosticte nemoricola,600,7 May 2024,Dibyendu Ash,"Dzuluk (Zuluk), East Sikkim, Sikkim"
Rusty-flanked Treecreeper,Certhia nipalensis,4,7 May 2024,Komal Agrawal,"Khaliya--Entrance To Bhujaani Camp, Pithoragarh, Uttarakhand"
Tibetan Blackbird,Turdus maximus,7,7 May 2024,Sneha Subhash,"KP Road, Pahalgam, Anantnag, Jammu and Kashmir"
Slender-billed Oriole,Oriolus tenuirostris,2,7 May 2024,Rejaul Karim,"Singchung Bugun Village Community Reserve (SBVCR), West Kameng, Arunachal Pradesh"
Barred Buttonquail,Turnix suscitator,8,7 May 2024,Kushagra Rajendra,"Amity University--Herbal Garden, Gurugram, Haryana"
Eurasian Sparrowhawk,Accipiter nisus,5,7 May 2024,Komal Agrawal,"Khaliya--Bhujaani Camp To Bugyal, Pithoragarh, Uttarakhand"
White-naped Woodpecker,Chrysocolaptes festivus,5,5 May 2024,lokesh tardalkar,"Tadoba Andhari reserve -- Kolara gate, Chandrapur, Maharashtra"
Nilgiri Sholakili,Sholicola major,4,5 May 2024,Sidharth Srinivasan,"Vellarimala, Kerala, Wayanad, Kerala"
Gray-sided Laughingthrush,Pterorhinus caerulatus,15,5 May 2024,Arun rai Arun rai,"Singchung Bugun Village Community Reserve (SBVCR), West Kameng, Arunachal Pradesh"
Western Crowned Warbler,Phylloscopus occipitalis,15,5 May 2024,Azan Karam,"Sambali Pari, Salkhala Upper, Neelum Valley, Kupwara, Jammu and Kashmir"
Whistler's Warbler,Phylloscopus whistleri,19,5 May 2024,Rofikul Islam,"Mandala-Phudung Road, West Kameng, Arunachal Pradesh"
White-rumped Shama,Copsychus malabaricus,15,5 May 2024,Praveen J,"Krishnagiri IN-TN 12.32066, 77.76038, Krishnagiri, Tamil Nadu"
Rain Quail,Coturnix coromandelica,8,5 May 2024,Mittal Gala,"Chitravathi River Reservoir, Chikkaballapura, Karnataka"
Large-billed Reed Warbler,Acrocephalus orinus,1,5 May 2024,Aritra Pal,"Pond off Trauma Care Centre Rd, Hooghly, West Bengal"
Collared Treepie,Dendrocitta frontalis,5,5 May 2024,Chris Campion,"Digboi--Matri Mandir, Tinsukia, Assam"
Andaman Wood-Pigeon,Columba palumboides,8,5 May 2024,Lorna L. Engleman,"Ferragunj forest, South Andaman, Andaman and Nicobar Islands"
Western Tragopan,Tragopan melanocephalus,3,5 May 2024,Hemu Tirthan,"Great Himalayan NP--Choidwari, Kullu, Himachal Pradesh"
Purple Cochoa,Cochoa purpurea,4,5 May 2024,Utsav Biswas,"Eaglenest WLS & Surroundings--Bompu Camp, West Kameng, Arunachal Pradesh"
Blue-cheeked Bee-eater,Merops persicus,41,4 May 2024,Anand Birdlife,"Puthalam Salt Pans, Kanniyakumari, Tamil Nadu"
Thick-billed Green-Pigeon,Treron curvirostra,100,4 May 2024,Chris Campion,"Dehing Patkai NP--Soraipung (Buffer area), Tinsukia, Assam"
Spectacled Finch,Callacanthis burtoni,12,4 May 2024,Mohammad Ishaq Lone,"Mathar Kokernag, Anantnag, Jammu and Kashmir"
Golden Bush-Robin,Tarsiger chrysaeus,8,4 May 2024,Omkar Dharwadkar,"Phalut Road, Darjeeling, West Bengal"
Greater Adjutant,Leptoptilos dubius,500,4 May 2024,Ayuwat Jearwattanakanok,"Guwahati Waste Disposal--New, Kamrup Metropolitan, Assam"
Bar-tailed Treecreeper,Certhia himalayana,17,4 May 2024,Darshan Ginoya,"Ranikhet Road, Ranikhet, Uttarakhand, IN (29.634, 79.424), Almora, Uttarakhand"
Ruddy Kingfisher,Halcyon coromanda,6,4 May 2024,Debtanu Baidya,"Manas NP--Banasbari (Central Range), Baksa, Assam"
Cinereous Tit,Parus cinereus,30,4 May 2024,Azan Karam,"Salkhala, Neelum Valley, Muzaffarabad, Jammu and Kashmir"
Oriental Honey-buzzard,Pernis ptilorhynchus,10,4 May 2024,Sewangi Sewangi,"Below Tha Bamphu Camp, West Kameng, Arunachal Pradesh"
Koklass Pheasant,Pucrasia macrolopha,11,4 May 2024,Kajal Joshi,"Choltu Nalah Bhagawat Himachal Pradesh, IN (31.291, 77.495), Shimla, Himachal Pradesh"
Spotted Laughingthrush,Ianthocincla ocellata,8,4 May 2024,Kousheyo Bagchi,"Sandakhphu NP, Darjeeling, West Bengal"
White-browed Bush-Robin,Tarsiger indicus,4,4 May 2024,Kousheyo Bagchi,"Sandakhphu NP, Darjeeling, West Bengal"
Snow Pigeon,Columba leuconota,100,3 May 2024,Himanshu Chaudhary,"Rakchham, Kinnaur, Himachal Pradesh"
White-browed Scimitar-Babbler,Pomatorhinus schisticeps,8,3 May 2024,Chirantanu Saikia,"Garbhonga,RF, Guwahati, Assam"
Pale-chinned Flycatcher,Cyornis poliogenys,7,3 May 2024,Chirantanu Saikia,"Garbhonga,RF, Guwahati, Assam"
Green Cochoa,Cochoa viridis,4,3 May 2024,Kaajal Dasgupta,"Mehao WLS & Surroundings--General Area, Lower Dibang Valley, Arunachal Pradesh"
Large-tailed Nightjar,Caprimulgus macrurus,20,2 May 2024,George Rayson,"Manas NP--Banasbari (Central Range), Baksa, Assam"
Western Hooded Pitta,Pitta sordida,12,2 May 2024,Debtanu Baidya,"Banasbari Range, Baksa, Assam"
Scaly-breasted Munia,Lonchura punctulata,250,2 May 2024,Uma Vaijnath,"Byatarayana Doddi Kere, Bengaluru Urban, Karnataka"
Bugun Liocichla,Liocichla bugunorum,5,2 May 2024,Sange tsering Tae,"Singchung Bugun Village Community Reserve (SBVCR), West Kameng, Arunachal Pradesh"
White-throated Tit,Aegithalos niveogularis,6,2 May 2024,Daniel López Velasco,"Great Himalayan NP Choidwari, Kullu, Himachal Pradesh"
Asian Barred Owlet,Glaucidium cuculoides,5,2 May 2024,Bikash Dalbot Shira,"Tura Peak RF, West Garo Hills, Meghalaya"
Great Hornbill,Buceros bicornis,40,1 May 2024,George Rayson,"Manas NP--Sewali to Teklai camp, Baksa, Assam"
White-naped Yuhina,Yuhina bakeri,40,1 May 2024,Chris Campion,"Mishmi Hills--Roing-Hunli Road (Forest Gate), Lower Dibang Valley, Arunachal Pradesh"
Collared Falconet,Microhierax caerulescens,7,1 May 2024,Bijay Basumatary,"Manas NP--Banasbari (Central Range), Baksa, Assam"
Red Phalarope,Phalaropus fulicarius,1,1 May 2024,West Bengal Rarities,"Nayachar, Nadia, West Bengal"
Laughing Gull,Leucophaeus atricilla,1,1 May 2024,Gyanchandra Gyani,"Vikramshila Setu, Makhajan, Bihar, IN (25.289, 87.029), Bhagalpur, Bihar"
Nilgiri Thrush,Zoothera neilgherriensis,2,1 May 2024,Chandrasekar Sekar,"Longwood Shola, The Nilgiris, Tamil Nadu"
Tawny Fish-Owl,Ketupa flavipes,3,1 May 2024,Rama Neelamegam,"Chaffi, Nainital, Uttarakhand"
Slaty-blue Flycatcher,Ficedula tricolor,6,1 May 2024,Sheikh Tanveer Salam,"Sonamarg (34.256, 75.106), Ganderbal, Jammu and Kashmir"
Orange Minivet,Pericrocotus flammeus,16,1 May 2024,JOE M RAJA,"Nirar Dam Valparai.., Coimbatore, Tamil Nadu"
Yellow-browed Bulbul,Acritillas indica,20,1 May 2024,JOE M RAJA,"Nirar Dam Valparai.., Coimbatore, Tamil Nadu"
Indian Vulture,Gyps indicus,37,1 May 2024,Debasish Nayak,"Rajpura, Madhya Pradesh, IN (24.447, 79.881), Panna, Madhya Pradesh"
Malabar Barbet,Psilopogon malabaricus,26,1 May 2024,Vignesh Bhat,"Karikana Forest Range, Honnavara, Uttara Kannada, Karnataka"
Spot-breasted Scimitar-Babbler,Erythrogenys mcclellandi,4,1 May 2024,Rofikul Islam,"Khonoma--Parking Lot towards Benreu Road, Kohima, Nagaland"
Blue-bearded Bee-eater,Nyctyornis athertoni,9,30 Apr 2024,Tulsi Singh,"Bhagotpur Tariyal, Nainital, Uttarakhand"
Spot-breasted Laughingthrush,Garrulax merulinus,2,30 Apr 2024,Rofikul Islam,"Khonoma--Parking Lot towards Benreu Road, Kohima, Nagaland"
Broad-tailed Grassbird,Schoenicola platyurus,3,30 Apr 2024,Sreekumar Chirukandoth,"Konalar Anti-poaching Camp, Tamil Nadu, IN (10.323, 77.071), Coimbatore, Tamil Nadu"
Chestnut-vented Nuthatch,Sitta nagaensis,10,30 Apr 2024,Subhadeep Ghosh,"Walong to Helmet Top Road, Anjaw, Arunachal Pradesh"
Chestnut-bellied Rock-Thrush,Monticola rufiventris,7,30 Apr 2024,Kaajal Dasgupta,"Walong to Helmet Top Road, Anjaw, Arunachal Pradesh"
Oriental Magpie-Robin,Copsychus saularis,30,29 Apr 2024,Gopala Krishna Baliga,"Gir Route 2, Junagadh, Gujarat"
Rusty-bellied Shortwing,Brachypteryx hyperythra,4,29 Apr 2024,Andy Clements,"Mishmi Hills--65 km to 12 Gulai, Lower Dibang Valley, Arunachal Pradesh"
Short-tailed Shearwater,Ardenna tenuirostris,1,29 Apr 2024,Dibyendu Ash,"Melli Bridge Checkpost, Kalimpong, West Bengal"
Long-billed Dowitcher,Limnodromus scolopaceus,1,29 Apr 2024,Chirag Munje,"Kaziranga NP & Surroundings--Central Range (Kohora), Golaghat, Assam"
Bengal Tiger,Panthera tigris tigris,,,,Sundarbans National Park
Indian Elephant,Elephas maximus indicus,,,,Jim Corbett National Park
One-horned Rhinoceros,Rhinoceros unicornis,,,,Kaziranga National Park
Asiatic Lion,Panthera leo persica,,,,Gir National Park
Snow Leopard,Panthera uncia,,,,Hemis National Park
Indian Leopard,Panthera pardus fusca,,,,Bandipur National Park
Nilgiri Tahr,Nilgiritragus hylocrius,,,,Eravikulam National Park
Blackbuck,Antilope cervicapra,,,,Velavadar National Park
Indian Wild Ass,Equus hemionus khur,,,,"Wild Ass Sanctuary, Little Rann of Kutch"
Gharial,Gavialis gangeticus,,,,National Chambal Sanctuary
Indian Bison (Gaur),Bos gaurus,,,,Nagarhole National Park
Red Panda,Ailurus fulgens,,,,Singalila National Park
Indian Pangolin,Manis crassicaudata,,,,Daroji Sloth Bear Sanctuary
Sloth Bear,Melursus ursinus,,,,Daroji Sloth Bear Sanctuary
Indian Peafowl,Pavo cristatus,,,,Keoladeo National Park
Great Indian Bustard,Ardeotis nigriceps,,,,Desert National Park
Lion-tailed Macaque,Macaca silenus,,,,Silent Valley National Park
Golden Langur,Trachypithecus geei,,,,Manas National Park
Wild Water Buffalo,Bubalus arnee,,,,Manas National Park
Indian Wolf,Canis lupus pallipes,,,,Velavadar National Park
Bengal Tiger,Panthera tigris tigris,,,,Sundarbans National Park
Indian Elephant,Elephas maximus indicus,,,,Jim Corbett National Park
One-horned Rhinoceros,Rhinoceros unicornis,,,,Kaziranga National Park
Asiatic Lion,Panthera leo persica,,,,Gir National Park
Snow Leopard,Panthera uncia,,,,Hemis National Park
Indian Leopard,Panthera pardus fusca,,,,Bandipur National Park
Nilgiri Tahr,Nilgiritragus hylocrius,,,,Eravikulam National Park
Blackbuck,Antilope cervicapra,,,,Velavadar National Park
Indian Wild Ass,Equus hemionus khur,,,,"Wild Ass Sanctuary, Little Rann of Kutch"
Gharial,Gavialis gangeticus,,,,National Chambal Sanctuary
Indian Bison (Gaur),Bos gaurus,,,,Nagarhole National Park
Red Panda,Ailurus fulgens,,,,Singalila National Park
Indian Pangolin,Manis crassicaudata,,,,Daroji Sloth Bear Sanctuary
Sloth Bear,Melursus ursinus,,,,Daroji Sloth Bear Sanctuary
Indian Peafowl,Pavo cristatus,,,,Keoladeo National Park
Great Indian Bustard,Ardeotis nigriceps,,,,Desert National Park
Lion-tailed Macaque,Macaca silenus,,,,Silent Valley National Park
Golden Langur,Trachypithecus geei,,,,Manas National Park
Wild Water Buffalo,Bubalus arnee,,,,Manas National Park
Indian Wolf,Canis lupus pallipes,,,,Velavadar National Park
Himalayan Monal,Lophophorus impejanus,,,,Great Himalayan National Park
Indian Flying Fox,Pteropus medius,,,,Keoladeo National Park
Indian Star Tortoise,Geochelone elegans,,,,Bannerghatta National Park
Malabar Giant Squirrel,Ratufa indica,,,,Silent Valley National Park
Olive Ridley Turtle,Lepidochelys olivacea,,,,Gahirmatha Marine Sanctuary
Saltwater Crocodile,Crocodylus porosus,,,,Bhitarkanika National Park
Indian Gazelle (Chinkara),Gazella bennettii,,,,Desert National Park
Purple Frog,Nasikabatrachus sahyadrensis,,,,Silent Valley National Park
Mugger Crocodile,Crocodylus palustris,,,,Ranganathittu Bird Sanctuary
Greater Flamingo,Phoenicopterus roseus,,,,Nal Sarovar Bird Sanctuary
Indian Roller,Coracias benghalensis,,,,Ranthambore National Park
Black-necked Crane,Grus nigricollis,,,,Tso Kar Wetland Conservation Reserve
Sarus Crane,Antigone antigone,,,,Keoladeo National Park
Lesser Florican,Sypheotides indicus,,,,Shokaliya Abhayaranya
Indian Skimmer,Rynchops albicollis,,,,National Chambal Sanctuary
White-bellied Heron,Ardea insignis,,,,Namdapha National Park
Spot-billed Pelican,Pelecanus philippensis,,,,Kolleru Bird Sanctuary
Grey-headed Fish Eagle,Icthyophaga ichthyaetus,,,,Sundarbans National Park
Rufous-necked Hornbill,Aceros nipalensis,,,,Namdapha National Park
Dhole (Indian Wild Dog),Cuon alpinus,,,,Satpura National Park
Barasingha (Swamp Deer),Rucervus duvaucelii,,,,Kanha National Park
Fishing Cat,Prionailurus viverrinus,,,,Sundarbans National Park
Clouded Leopard,Neofelis nebulosa,,,,Dampa Tiger Reserve
Black Stork,Ciconia nigra,,,,Keoladeo National Park
Brown Fish Owl,Ketupa zeylonensis,,,,Keoladeo National Park
Painted Stork,Mycteria leucocephala,,,,Bharatpur Bird Sanctuary
Woolly-necked Stork,Ciconia episcopus,,,,Bharatpur Bird Sanctuary
Indian Courser,Cursorius coromandelicus,,,,Desert National Park
Red-headed Vulture,Sarcogyps calvus,,,,Jim Corbett National Park
Black-headed Ibis,Threskiornis melanocephalus,,,,Vedanthangal Bird Sanctuary
Indian Python,Python molurus,,,,Keoladeo National Park
King Cobra,Ophiophagus hannah,,,,Nagarhole National Park
Spectacled Cobra,Naja naja,,,,Ranthambore National Park
Russell's Viper,Daboia russelii,,,,Mudumalai National Park
Common Krait,Bungarus caeruleus,,,,Bandipur National Park
Gharial,Gavialis gangeticus,,,,National Chambal Sanctuary
Saltwater Crocodile,Crocodylus porosus,,,,Bhitarkanika National Park
Mugger Crocodile,Crocodylus palustris,,,,Ranganathittu Bird Sanctuary
Indian Star Tortoise,Geochelone elegans,,,,Bannerghatta National Park
Olive Ridley Turtle,Lepidochelys olivacea,,,,Gahirmatha Marine Sanctuary
Bengal Monitor,Varanus bengalensis,,,,Kaziranga National Park
Indian Chameleon,Chamaeleo zeylanicus,,,,Sariska National Park
Indian Flapshell Turtle,Lissemys punctata,,,,Kanha National Park
Travancore Tortoise,Indotestudo travancorica,,,,Silent Valley National Park
Black Pond Turtle,Geoclemys hamiltonii,,,,Manas National Park
Indian Spiny-tailed Lizard,Saara hardwickii,,,,Desert National Park
Banded Krait,Bungarus fasciatus,,,,Kaziranga National Park
Andaman Water Monitor,Varanus salvator andamanensis,,,,Mount Harriet National Park
Malabar Pit Viper,Trimeresurus malabaricus,,,,Silent Valley National Park
Keeled Box Turtle,Cuora mouhotii,,,,Namdapha National Park
Yellow Monitor,Varanus flavescens,,,,Kaziranga National Park
Indian Sand Boa,Eryx johnii,,,,Desert National Park
Green Sea Turtle,Chelonia mydas,,,,"Maha Beach, Galathea National Park"
Indian Tent Turtle,Pangshura tentoria,,,,Ranthambore National Park
Common Indian Monitor,Varanus bengalensis,,,,Gir National Park
Reticulated Python,Malayopython reticulatus,,,,Sundarbans National Park
Hawksbill Turtle,Eretmochelys imbricata,,,,"Maha Beach, Galathea National Park"
Red-crowned Roofed Turtle,Batagur kachuga,,,,National Chambal Sanctuary
Yellow-headed Temple Turtle,Heosemys annandalii,,,,Kaziranga National Park
Atlas Moth,Attacus atlas,,,,Periyar National Park
Common Jezebel,Delias eucharis,,,,Kaziranga National Park
Giant Wood Spider,Nephila pilipes,,,,Silent Valley National Park
Great Eggfly,Hypolimnas bolina,,,,Keoladeo National Park
Common Mormon,Papilio polytes,,,,Nagarhole National Park
Asian Giant Hornet,Vespa mandarinia,,,,Namdapha National Park
Indian Moon Moth,Actias selene,,,,Bandipur National Park
Painted Grasshopper,Poekilocerus pictus,,,,Ranthambore National Park
Blue Mormon,Papilio polymnestor,,,,"Sanctuary of Joy, Goa"
Golden Birdwing,Troides aeacus,,,,Eaglenest Wildlife Sanctuary
Common Tiger,Danaus genutia,,,,Manas National Park
Blue Tiger,Tirumala limniace,,,,Bannerghatta National Park
Crimson Rose,Pachliopta hector,,,,Kudremukh National Park
Common Crow,Euploea core,,,,Bandhavgarh National Park
Plain Tiger,Danaus chrysippus,,,,Kanha National Park
Tawny Coster,Acraea terpsichore,,,,Mudumalai National Park
Common Evening Brown,Melanitis leda,,,,Gir National Park
Great Orange-tip,Hebomoia glaucippe,,,,Anamalai Tiger Reserve
Striped Tiger,Danaus genutia,,,,Jim Corbett National Park
Peacock Pansy,Junonia almana,,,,Sundarbans National Park
Scarlet Skimmer,Crocothemis servilia,,,,Keoladeo National Park
Common Emigrant,Catopsilia pomona,,,,Kaziranga National Park
Danaid Eggfly,Hypolimnas misippus,,,,Periyar National Park
Great Mormon,Papilio memnon,,,,Nagarhole National Park
Common Sailor,Neptis hylas,,,,Bandipur National Park
Yellow Orange Tip,Ixias pyrene,,,,Ranthambore National Park
Common Pierrot,Castalius rosimon,,,,Mudumalai National Park
Glasswing Butterfly,Greta oto,,,,Silent Valley National Park
Common Banded Peacock,Papilio crino,,,,Manas National Park
Psyche,Leptosia nina,,,,Kaziranga National Park
Painted Lady,Vanessa cardui,,,,Bannerghatta National Park
Brown Awl,Badamia exclamationis,,,,Anamalai Tiger Reserve
Tailed Jay,Graphium agamemnon,,,,Jim Corbett National Park
Common Leopard,Phalanta phalantha,,,,Bandhavgarh National Park
Common Nawab,Polyura athamas,,,,Kanha National Park
Striped Albatross,Appias libythea,,,,Manas National Park
Common Sailer,Neptis hylas,,,,Bannerghatta National Park
Spotted Grasshopper,Acrida exaltata,,,,Kaziranga National Park
Yellow Swallowtail,Papilio machaon,,,,Sundarbans National Park
Scarlet Skimmer,Orthetrum testaceum,,,,Keoladeo National Park
Black Rajah,Charaxes solon,,,,Periyar National Park